repo,base_commit,modified_files,problem_statement,hints_text,prediction_llm,prediction_tfidf
astropy/astropy,d16bfe05a744909de4b27f5875fe0d4ed41ce607,['astropy/modeling/separable.py'],"Modeling's `separability_matrix` does not compute separability correctly for nested CompoundModels
Consider the following model:

```python
from astropy.modeling import models as m
from astropy.modeling.separable import separability_matrix

cm = m.Linear1D(10) & m.Linear1D(5)
```

It's separability matrix as you might expect is a diagonal:

```python
>>> separability_matrix(cm)
array([[ True, False],
       [False,  True]])
```

If I make the model more complex:
```python
>>> separability_matrix(m.Pix2Sky_TAN() & m.Linear1D(10) & m.Linear1D(5))
array([[ True,  True, False, False],
       [ True,  True, False, False],
       [False, False,  True, False],
       [False, False, False,  True]])
```

The output matrix is again, as expected, the outputs and inputs to the linear models are separable and independent of each other.

If however, I nest these compound models:
```python
>>> separability_matrix(m.Pix2Sky_TAN() & cm)
array([[ True,  True, False, False],
       [ True,  True, False, False],
       [False, False,  True,  True],
       [False, False,  True,  True]])
```
Suddenly the inputs and outputs are no longer separable?

This feels like a bug to me, but I might be missing something?
",,False,True
astropy/astropy,298ccb478e6bf092953bca67a3d29dc6c35f6752,['astropy/timeseries/core.py'],"TimeSeries: misleading exception when required column check fails.
<!-- This comments are hidden when you submit the issue,
so you do not need to remove them! -->

<!-- Please be sure to check out our contributing guidelines,
https://github.com/astropy/astropy/blob/main/CONTRIBUTING.md .
Please be sure to check out our code of conduct,
https://github.com/astropy/astropy/blob/main/CODE_OF_CONDUCT.md . -->

<!-- Please have a search on our GitHub repository to see if a similar
issue has already been posted.
If a similar issue is closed, have a quick look to see if you are satisfied
by the resolution.
If not please go ahead and open an issue! -->

<!-- Please check that the development version still produces the same bug.
You can install development version with
pip install git+https://github.com/astropy/astropy
command. -->

### Description
<!-- Provide a general description of the bug. -->

For a `TimeSeries` object that has additional required columns (in addition to `time`), when codes mistakenly try to remove a required column, the exception it produces is misleading.

### Expected behavior
<!-- What did you expect to happen. -->
An exception that informs the users required columns are missing.

### Actual behavior
The actual exception message is confusing:
`ValueError: TimeSeries object is invalid - expected 'time' as the first columns but found 'time'`

### Steps to Reproduce
<!-- Ideally a code example could be provided so we can run it ourselves. -->
<!-- If you are pasting code, use triple backticks (```) around
your code snippet. -->
<!-- If necessary, sanitize your screen output to be pasted so you do not
reveal secrets like tokens and passwords. -->

```python
from astropy.time import Time
from astropy.timeseries import TimeSeries

time=Time(np.arange(100000, 100003), format='jd')
ts = TimeSeries(time=time, data = {""flux"": [99.9, 99.8, 99.7]})
ts._required_columns = [""time"", ""flux""]                                   
ts.remove_column(""flux"")

```

### System Details
<!-- Even if you do not think this is necessary, it is useful information for the maintainers.
Please run the following snippet and paste the output below:
import platform; print(platform.platform())
import sys; print(""Python"", sys.version)
import numpy; print(""Numpy"", numpy.__version__)
import erfa; print(""pyerfa"", erfa.__version__)
import astropy; print(""astropy"", astropy.__version__)
import scipy; print(""Scipy"", scipy.__version__)
import matplotlib; print(""Matplotlib"", matplotlib.__version__)
-->
```
Windows-10-10.0.22000-SP0
Python 3.9.10 | packaged by conda-forge | (main, Feb  1 2022, 21:21:54) [MSC v.1929 64 bit (AMD64)]
Numpy 1.22.3
pyerfa 2.0.0.1
astropy 5.0.3
Scipy 1.8.0
Matplotlib 3.5.1
```
","The relevant code that produces the misleading exception.

https://github.com/astropy/astropy/blob/00ccfe76113dca48d19396986872203dc2e978d7/astropy/timeseries/core.py#L77-L82

It works under the assumption that `time` is the only required column. So when a `TimeSeries` object has additional required columns, the message no longer makes sense.

Proposal: change the message to the form of: 

```
ValueError: TimeSeries object is invalid - required ['time', 'flux'] as the first columns but found ['time']
```
Your proposed message is definitely less confusing. Wanna PR? ðŸ˜¸ 
I cannot run tests anymore after updating my local env to Astropy 5. Any idea?

I used [`pytest` variant](https://docs.astropy.org/en/latest/development/testguide.html#pytest) for running tests.

```
> pytest  astropy/timeseries/tests/test_common.py

C:\pkg\_winNonPortables\Anaconda3\envs\astropy5_dev\lib\site-packages\pluggy\_manager.py:91: in register
    raise ValueError(
E   ValueError: Plugin already registered: c:\dev\astropy\astropy\conftest.py=<module 'astropy.conftest' from 'c:\\dev\\astropy\\astropy\\conftest.py'>
E   {'2885294349760': <_pytest.config.PytestPluginManager object at 0x0000029FC8F1DDC0>, 'pytestconfig': <_pytest.config.Config object at 0x0000029FCB43EAC0>, 'mark': <module '_pytest.mark' from 'C:\\pkg\\_winNonPortables\\Anaconda3\\envs\\astropy5_dev\\lib\\site-packages\\_pytest\\mark\\__init__.py'>, 'main': <module '_pytest.main' from 
...
...
...
'C:\\pkg\\_winNonPortables\\Anaconda3\\envs\\astropy5_dev\\lib\\site-packages\\xdist\\plugin.py'>, 'xdist.looponfail': <module 'xdist.looponfail' from 'C:\\pkg\\_winNonPortables\\Anaconda3\\envs\\astropy5_dev\\lib\\site-packages\\xdist\\looponfail.py'>, 'capturemanager': <CaptureManager _method='fd' _global_capturing=<MultiCapture out=<FDCapture 1 oldfd=8 _state='suspended' tmpfile=<_io.TextIOWrapper name='<tempfile._TemporaryFileWrapper object at 0x0000029FCB521F40>' mode='r+' encoding='utf-8'>> err=<FDCapture 2 oldfd=10 _state='suspended' tmpfile=<_io.TextIOWrapper name='<tempfile._TemporaryFileWrapper object at 0x0000029FCCD50820>' mode='r+' encoding='utf-8'>> in_=<FDCapture 0 oldfd=6 _state='started' tmpfile=<_io.TextIOWrapper name='nul' mode='r' encoding='cp1252'>> _state='suspended' _in_suspended=False> _capture_fixture=None>, 'C:\\dev\\astropy\\conftest.py': <module 'conftest' from 'C:\\dev\\astropy\\conftest.py'>, 'c:\\dev\\astropy\\astropy\\conftest.py': <module 'astropy.conftest' from 'c:\\dev\\astropy\\astropy\\conftest.py'>, 'session': <Session astropy exitstatus=<ExitCode.OK: 0> testsfailed=0 testscollected=0>, 'lfplugin': <_pytest.cacheprovider.LFPlugin object at 0x0000029FCD0385B0>, 'nfplugin': <_pytest.cacheprovider.NFPlugin object at 0x0000029FCD038790>, '2885391664992': <pytest_html.plugin.HTMLReport object at 0x0000029FCEBEC760>, 'doctestplus': <pytest_doctestplus.plugin.DoctestPlus object at 0x0000029FCEBECAC0>, 'legacypath-tmpdir': <class '_pytest.legacypath.LegacyTmpdirPlugin'>, 'terminalreporter': <_pytest.terminal.TerminalReporter object at 0x0000029FCEBECE50>, 'logging-plugin': <_pytest.logging.LoggingPlugin object at 0x0000029FCEBECFD0>, 'funcmanage': <_pytest.fixtures.FixtureManager object at 0x0000029FCEBF6B80>}
```

Huh, never seen that one before. Did you try installing dev astropy on a fresh env, @orionlee ?
I use a brand new conda env (upgrading my old python 3.7, astropy 4 based env is not worth trouble).

- I just found [`astropy.test()`](https://docs.astropy.org/en/latest/development/testguide.html#astropy-test) method works for me. So for this small fix it probably suffices.

```python
> astropy.test(test_path=""astropy/timeseries/tests/test_common.py"")
```

- I read some posts online on  `Plugin already registered` error in other projects, they seem to indicate some symlink issues making pytest reading `contest.py` twice, but I can't seem to find such problems in my environment (my astropy is an editable install, so the path to the source is directly used).

",True,False
